item,qty,spec,supplier,unit_cost_usd,make_buy,notes
1 Smartphone running the model,1,"Android phone, about 6 in screen, 3 GB RAM or more, 2019 or later chipset, 12 MP or better rear camera, 4,000 mAh battery",Local phone retailer,130.00,buy,Indicative price; one reference phone per station for the evaluation; pickers' own phones supported in use (decided D8)
2 Phone stand with clamp arm,1,"Weighted base about 180 x 65 mm behind the mat, about 450 mm post, arm and clamp holding the phone landscape, screen up, rear camera 440 mm above the mat",Online or local phone accessory seller,12.00,buy,Indicative price; handheld use also supported
3 Light sorting mat,1,"Matte light-grey board or mat about 700 x 450 mm with a 50 mm grid, wipe-clean",Local make (painted plywood or rubber mat),8.00,make,Indicative price; camera frame 586 x 439 mm fits inside the mat (WML-CAL-001); the accuracy benefit of a plain background is unverified
4 Bins by material class,7,"About 60 L each, color-labeled front bands and bin numbers: PET; HDPE and PP; film; metal; paper and carton; glass; Unsure",Local plastics market or reused drums and sacks,10.00,buy,Indicative price; grade names follow the local buyer price list
5 Hazard box,1,"Lidded steel box about 240 x 320 x 200 mm with a dry sand layer, for batteries, sharps and chemical containers; separate rigid sharps container inside",Local metal workshop plus sharps container supplier,25.00,buy,Indicative price; never auto-sorted; disposal route set with the partner
6 Power bank and cable,1,"10,000 mAh USB power bank with over-current and over-temperature protection, 1 m cable",Local electronics retailer,15.00,buy,Indicative price; lithium cells: keep shaded and away from the hazard box
7 Platform scale,1,"60 kg capacity, 20 g resolution, battery powered",Local market,25.00,buy,Indicative price; weighs sorted lots before sale
8 Labeled field dataset (effort),1,"About 10,000 consented field photos captured and labeled by class and grade at about 20 s each plus 30 % review, about 72 h at about $6 per hour (estimate)",Partner organization members (paid),430.00,make,Estimate ($433 calculated in WML-CAL-001); no geometry; $6 per hour is a planning figure, the rate is set with the partner at or above the local living wage (decided D7)
9 Field evaluation set (effort),1,"About 2,000 photos from two or more sites (400 hazard items proposed, 900 non-hazard minimum, 700 natural mix) with ground truth verified by buyers, legible resin codes or NIR, at about 60 s each plus 30 % review, about 43 h",Partner organization members and buyers,260.00,make,Estimate; no geometry; never used for training
10 Training compute,1,"About 40 GPU hours of cloud fine-tuning and evaluation at about $1 per GPU hour",Cloud GPU provider,40.00,buy,Estimate; no geometry
